{
	"info": {
		"name": "Alexa Smart Home (sample_backend)",
		"_postman_id": "9150613f-4299-e292-e0a9-ad60db31598c",
		"description": "REST calls for the sample_backend content available on https://github.com/alexa/alexa-smarthome",
		"schema": "https://schema.getpostman.com/json/collection/v2.1.0/collection.json"
	},
	"item": [
		{
			"name": "Endpoints",
			"description": "Methods for creating and manipulating sample Endpoints.",
			"item": [
				{
					"name": "/endpoints",
					"request": {
						"method": "GET",
						"header": [],
						"body": {
							"mode": "raw",
							"raw": ""
						},
						"url": {
							"raw": "https://{{endpoint_api_id}}.execute-api.{{aws_region}}.amazonaws.com/prod/endpoints",
							"protocol": "https",
							"host": [
								"{{endpoint_api_id}}",
								"execute-api",
								"{{aws_region}}",
								"amazonaws",
								"com"
							],
							"path": [
								"prod",
								"endpoints"
							]
						},
						"description": null
					},
					"response": []
				},
				{
					"name": "/endpoints",
					"request": {
						"method": "DELETE",
						"header": [],
						"body": {
							"mode": "raw",
							"raw": "[\"*\"]"
						},
						"url": {
							"raw": "https://{{endpoint_api_id}}.execute-api.{{aws_region}}.amazonaws.com/prod/endpoints?endpoint_id",
							"protocol": "https",
							"host": [
								"{{endpoint_api_id}}",
								"execute-api",
								"{{aws_region}}",
								"amazonaws",
								"com"
							],
							"path": [
								"prod",
								"endpoints"
							],
							"query": [
								{
									"key": "endpoint_id",
									"value": "",
									"equals": false
								}
							]
						},
						"description": "Delete an endpoint. Send an array of endpoints to delete by endpoint ID. Passing * will delete all sample endpoints."
					},
					"response": []
				},
				{
					"name": "/endpoints (Sample Black Switch)",
					"request": {
						"method": "POST",
						"header": [
							{
								"key": "Content-Type",
								"value": "application/json"
							}
						],
						"body": {
							"mode": "raw",
							"raw": "{\n\t\"event\": {\n\t\t\"endpoint\": {\n\t\t\t\"userId\" : \"0\",\n\t\t\t\"friendlyName\": \"Sample Black Switch\",\n\t\t\t\"capabilities\": [\n\t\t\t\t{\n                    \"type\": \"AlexaInterface\",\n                    \"interface\": \"Alexa\",\n                    \"version\": \"3\"\n\t\t\t\t},\n\t\t\t\t{\n            \t\t\"type\": \"AlexaInterface\",\n            \t\t\"interface\": \"Alexa.PowerController\",\n            \t\t\"version\": \"3\",\n            \t\t\"properties\": {\n            \t\t\t\"supported\": [\n        \t\t\t\t\t{\n                \t\t\t\t\"name\": \"powerState\"\n                \t\t\t}\n            \t\t\t],\n            \t\t\t\"proactivelyReported\": true,\n            \t\t\t\"retrievable\": true\n        \t\t\t}\n            \t}\n        \t],\n\t\t\"sku\": \"SW00\",\n\t\t\"description\": \"A Sample Black Switch\",\n\t\t\"manufacturerName\": \"Sample Manufacturer\",\n\t\t\"displayCategories\": [\"SWITCH\"]\n\t\t}\n\t}\n}"
						},
						"url": {
							"raw": "https://{{endpoint_api_id}}.execute-api.{{aws_region}}.amazonaws.com/prod/endpoints",
							"protocol": "https",
							"host": [
								"{{endpoint_api_id}}",
								"execute-api",
								"{{aws_region}}",
								"amazonaws",
								"com"
							],
							"path": [
								"prod",
								"endpoints"
							]
						},
						"description": null
					},
					"response": []
				},
				{
					"name": "/endpoints (Sample White Switch)",
					"request": {
						"method": "POST",
						"header": [
							{
								"key": "Content-Type",
								"value": "application/json"
							}
						],
						"body": {
							"mode": "raw",
							"raw": "{\n\t\"event\": {\n\t\t\"endpoint\": {\n\t\t\t\"userId\" : \"0\",\n\t\t\t\"friendlyName\": \"Sample White Switch\",\n\t\t\t\"capabilities\": [\n\t\t\t\t{\n                    \"type\": \"AlexaInterface\",\n                    \"interface\": \"Alexa\",\n                    \"version\": \"3\"\n\t\t\t\t},\t\t\t\t\n\t\t\t\t{\n            \t\t\"type\": \"AlexaInterface\",\n            \t\t\"interface\": \"Alexa.PowerController\",\n            \t\t\"version\": \"3\",\n            \t\t\"properties\": {\n            \t\t\t\"supported\": [\n        \t\t\t\t\t{\n                \t\t\t\t\"name\": \"powerState\"\n                \t\t\t}\n            \t\t\t],\n            \t\t\t\"proactivelyReported\": true,\n            \t\t\t\"retrievable\": true\n        \t\t\t}\n            \t}\n        \t],\n\t\t\"sku\": \"SW01\",\n\t\t\"description\": \"A Sample White Switch\",\n\t\t\"manufacturerName\": \"Sample Manufacturer\",\n\t\t\"displayCategories\": [\"SWITCH\"]\n\t\t}\n\t}\n}"
						},
						"url": {
							"raw": "https://{{endpoint_api_id}}.execute-api.{{aws_region}}.amazonaws.com/prod/endpoints",
							"protocol": "https",
							"host": [
								"{{endpoint_api_id}}",
								"execute-api",
								"{{aws_region}}",
								"amazonaws",
								"com"
							],
							"path": [
								"prod",
								"endpoints"
							]
						},
						"description": null
					},
					"response": []
				},
				{
					"name": "/endpoints (Sample First Light)",
					"request": {
						"method": "POST",
						"header": [
							{
								"key": "Content-Type",
								"value": "application/json"
							}
						],
						"body": {
							"mode": "raw",
							"raw": "{\n\t\"event\": {\n\t\t\"endpoint\": {\n\t\t\t\"userId\" : \"0\",\n\t\t\t\"friendlyName\": \"Sample First Light\",\n\t\t\t\"capabilities\": [\n\t\t\t\t{\n                    \"type\": \"AlexaInterface\",\n                    \"interface\": \"Alexa\",\n                    \"version\": \"3\"\n\t\t\t\t},\t\t\t\t\n\t\t\t\t{\n            \t\t\"type\": \"AlexaInterface\",\n            \t\t\"interface\": \"Alexa.PowerController\",\n            \t\t\"version\": \"3\",\n            \t\t\"properties\": {\n            \t\t\t\"supported\": [\n        \t\t\t\t\t{\n                \t\t\t\t\"name\": \"powerState\"\n                \t\t\t}\n            \t\t\t],\n            \t\t\t\"proactivelyReported\": true,\n            \t\t\t\"retrievable\": true\n        \t\t\t}\n            \t},\n            \t{\n                    \"type\":\"AlexaInterface\",\n                    \"interface\":\"Alexa.ColorController\",\n                    \"version\":\"3\",\n                    \"properties\":{\n                        \"supported\":[\n                           {\n                              \"name\":\"color\"\n                           }\n                        ],\n                        \"proactivelyReported\":true,\n                        \"retrievable\":true\n                    }\n                }\n        \t],\n\t\t\"sku\": \"LI00\",\n\t\t\"description\": \"A Sample Light\",\n\t\t\"manufacturerName\": \"Sample Manufacturer\",\n\t\t\"displayCategories\": [\"LIGHT\"]\n\t\t}\n\t}\n}"
						},
						"url": {
							"raw": "https://{{endpoint_api_id}}.execute-api.{{aws_region}}.amazonaws.com/prod/endpoints",
							"protocol": "https",
							"host": [
								"{{endpoint_api_id}}",
								"execute-api",
								"{{aws_region}}",
								"amazonaws",
								"com"
							],
							"path": [
								"prod",
								"endpoints"
							]
						},
						"description": null
					},
					"response": []
				},
				{
					"name": "/endpoints (Sample Black Microwave)",
					"request": {
						"method": "POST",
						"header": [
							{
								"key": "Content-Type",
								"value": "application/json"
							}
						],
						"body": {
							"mode": "raw",
							"raw": "{\n  \"event\": {\n    \"endpoint\": {\n      \"userId\" : \"0\",\n      \"friendlyName\": \"Sample Black Microwave\",\n      \"capabilities\": [\n        {\n          \"type\": \"AlexaInterface\",\n            \"interface\": \"Alexa.Cooking\",\n            \"version\": \"3\",\n            \"properties\": {\n              \"supported\": [\n                {\n                    \"name\": \"cookingMode\"\n                },\n                  {\n            \"name\": \"cookCompletionTime\"\n                  },\n                  {\n                    \"name\": \"isCookCompletionTimeEstimated\"\n          },\n                  {\n                    \"name\": \"cookStartTime\"\n          },\n                  {\n                    \"name\": \"foodItem\"\n          }\n          ],\n        \"proactivelyReported\": true,\n        \"retrievable\": true\n            },\n            \"configuration\": {\n              \"supportsRemoteStart\": false,\n                \"supportedCookingModes\": [\"DEFROST\", \"REHEAT\", \"OFF\"]\n            }\n        }\n        ],\n      \"sku\": \"MW00\",\n      \"description\": \"A Sample Kitchen Microwave\",\n      \"manufacturerName\": \"Sample Manufacturer\",\n      \"displayCategories\": [\"MICROWAVE\"]\n    }\n  }\n}"
						},
						"url": {
							"raw": "https://{{endpoint_api_id}}.execute-api.{{aws_region}}.amazonaws.com/prod/endpoints",
							"protocol": "https",
							"host": [
								"{{endpoint_api_id}}",
								"execute-api",
								"{{aws_region}}",
								"amazonaws",
								"com"
							],
							"path": [
								"prod",
								"endpoints"
							]
						},
						"description": null
					},
					"response": []
				},
				{
					"name": "/endpoints (Sample White Microwave)",
					"request": {
						"method": "POST",
						"header": [
							{
								"key": "Content-Type",
								"value": "application/json"
							}
						],
						"body": {
							"mode": "raw",
							"raw": "{\n  \"event\": {\n    \"endpoint\": {\n      \"userId\" : \"0\",\n      \"friendlyName\": \"Sample White Microwave\",\n      \"capabilities\": [\n    {\n            \"type\": \"AlexaInterface\",\n            \"interface\": \"Alexa\",\n            \"version\": \"3\"\n    },        \n        {\n          \"type\": \"AlexaInterface\",\n            \"interface\": \"Alexa.Cooking\",\n            \"version\": \"3\",\n            \"properties\": {\n              \"supported\": [\n                {\n                    \"name\": \"cookingMode\"\n                }\n        ],\n        \"retrievable\": true\n            },\n            \"configuration\": {\n                \"supportedCookingModes\": [\"TIMECOOK\", \"DEFROST\", \"REHEAT\", \"OFF\"]\n            }\n        }\n        ],\n      \"cookie\": {\n        \"key\": \"value\"\n      },\n      \"sku\": \"MW01\",\n      \"description\": \"A Sample White Microwave\",\n      \"manufacturerName\": \"Sample Manufacturer\",\n      \"displayCategories\": [\"MICROWAVE\"]\n    }\n  }\n}"
						},
						"url": {
							"raw": "https://{{endpoint_api_id}}.execute-api.{{aws_region}}.amazonaws.com/prod/endpoints",
							"protocol": "https",
							"host": [
								"{{endpoint_api_id}}",
								"execute-api",
								"{{aws_region}}",
								"amazonaws",
								"com"
							],
							"path": [
								"prod",
								"endpoints"
							]
						},
						"description": null
					},
					"response": []
				}
			],
			"event": [
				{
					"listen": "prerequest",
					"script": {
						"id": "0a1fe37d-2b81-40a4-84e9-f5fc3cc7f188",
						"type": "text/javascript",
						"exec": [
							""
						]
					}
				},
				{
					"listen": "test",
					"script": {
						"id": "47263632-8d4d-4fd9-9b52-e0ecbfcae19a",
						"type": "text/javascript",
						"exec": [
							""
						]
					}
				}
			]
		},
		{
			"name": "Events",
			"description": "Method for sending endpoint cloud events.",
			"item": [
				{
					"name": "/events",
					"request": {
						"method": "POST",
						"header": [
							{
								"key": "Content-Type",
								"value": "application/json"
							}
						],
						"body": {
							"mode": "raw",
							"raw": "{\n  \"event\": {\n    \"endpoint\": {\n      \"userId\" : \"0\",\n      \"id\": \"black_switch\",\n      \"state\": \"OFF\",\n      \"type\": \"SWITCH\"\n    }\n  }\n}"
						},
						"url": {
							"raw": "https://{{endpoint_api_id}}.execute-api.{{aws_region}}.amazonaws.com/prod/events",
							"protocol": "https",
							"host": [
								"{{endpoint_api_id}}",
								"execute-api",
								"{{aws_region}}",
								"amazonaws",
								"com"
							],
							"path": [
								"prod",
								"events"
							]
						},
						"description": null
					},
					"response": []
				}
			],
			"event": [
				{
					"listen": "prerequest",
					"script": {
						"id": "bbef343f-f669-4e63-93f0-67f0360544ee",
						"type": "text/javascript",
						"exec": [
							""
						]
					}
				},
				{
					"listen": "test",
					"script": {
						"id": "c23116a6-9ebf-4f01-a5ce-a9e1162fb626",
						"type": "text/javascript",
						"exec": [
							""
						]
					}
				}
			]
		},
		{
			"name": "Directives",
			"description": "Methods for sending sample directives.",
			"item": [
				{
					"name": "/directives (AcceptGrant)",
					"request": {
						"method": "POST",
						"header": [
							{
								"key": "Content-Type",
								"value": "application/json"
							}
						],
						"body": {
							"mode": "raw",
							"raw": "{\r\n    \"directive\": {\r\n        \"header\": {\r\n            \"namespace\": \"Alexa.Authorization\",\r\n            \"name\": \"AcceptGrant\",\r\n            \"payloadVersion\": \"3\",\r\n            \"messageId\": \"1bd5d003-31b9-476f-ad03-71d471922820\",\r\n            \"correlationToken\": \"dFMb0z+PgpgdDmluhJ1LddFvSqZ/jCc8ptlAKulUj90jSqg==\"\r\n        },\r\n        \"payload\": {\r\n            \"grant\": {\r\n                \"type\": \"OAuth2.AuthorizationCode\",\r\n                \"code\": \"ANUbUKCJqlBOpMhwYWxU\"\r\n            },\r\n            \"grantee\": {\r\n                \"type\": \"BearerToken\",\r\n                \"token\": \"access-token-from-skill\"\r\n            }\r\n        }\r\n    }\r\n}"
						},
						"url": {
							"raw": "https://{{endpoint_api_id}}.execute-api.{{aws_region}}.amazonaws.com/prod/directives",
							"protocol": "https",
							"host": [
								"{{endpoint_api_id}}",
								"execute-api",
								"{{aws_region}}",
								"amazonaws",
								"com"
							],
							"path": [
								"prod",
								"directives"
							]
						},
						"description": null
					},
					"response": []
				},
				{
					"name": "/directives (ReportState)",
					"request": {
						"method": "POST",
						"header": [
							{
								"key": "Content-Type",
								"value": "application/json"
							}
						],
						"body": {
							"mode": "raw",
							"raw": "{\r\n    \"directive\": {\r\n        \"header\": {\r\n            \"namespace\": \"Alexa\",\r\n            \"name\": \"ReportState\",\r\n            \"payloadVersion\": \"3\",\r\n            \"messageId\": \"1bd5d003-31b9-476f-ad03-71d471922820\",\r\n            \"correlationToken\": \"dFMb0z+PgpgdDmluhJ1LddFvSqZ/jCc8ptlAKulUj90jSqg==\"\r\n        },\r\n        \"endpointId\": \"0216e612-42f8-48ec-8729-5fa80fcb0dee\",\r\n        \"payload\": {}\r\n    }\r\n}"
						},
						"url": {
							"raw": "https://{{endpoint_api_id}}.execute-api.{{aws_region}}.amazonaws.com/prod/directives",
							"protocol": "https",
							"host": [
								"{{endpoint_api_id}}",
								"execute-api",
								"{{aws_region}}",
								"amazonaws",
								"com"
							],
							"path": [
								"prod",
								"directives"
							]
						},
						"description": null
					},
					"response": []
				},
				{
					"name": "/directives (Discover)",
					"request": {
						"method": "POST",
						"header": [
							{
								"key": "Content-Type",
								"value": "application/json"
							}
						],
						"body": {
							"mode": "raw",
							"raw": "{\n    \"directive\": {\n        \"header\": {\n            \"namespace\": \"Alexa.Discovery\",\n            \"name\": \"Discover\",\n            \"payloadVersion\": \"3\",\n            \"messageId\": \"1bd5d003-31b9-476f-ad03-71d471922820\"\n        },\n        \"payload\": {\n            \"scope\": {\n                \"type\": \"BearerToken\",\n                \"token\": \"access-token-from-skill\"\n            }\n        }\n    }\n}"
						},
						"url": {
							"raw": "https://{{endpoint_api_id}}.execute-api.{{aws_region}}.amazonaws.com/prod/directives",
							"protocol": "https",
							"host": [
								"{{endpoint_api_id}}",
								"execute-api",
								"{{aws_region}}",
								"amazonaws",
								"com"
							],
							"path": [
								"prod",
								"directives"
							]
						},
						"description": null
					},
					"response": []
				},
				{
					"name": "/directives (TurnOff)",
					"request": {
						"method": "POST",
						"header": [
							{
								"key": "Content-Type",
								"value": "application/json"
							}
						],
						"body": {
							"mode": "raw",
							"raw": "{\r\n    \"directive\": {\r\n        \"header\": {\r\n            \"namespace\": \"Alexa.PowerController\",\r\n            \"name\": \"TurnOff\",\r\n            \"payloadVersion\": \"3\",\r\n            \"messageId\": \"1bd5d003-31b9-476f-ad03-71d471922820\",\r\n            \"correlationToken\": \"dFMb0z+PgpgdDmluhJ1LddFvSqZ/jCc8ptlAKulUj90jSqg==\"\r\n        },\r\n        \"endpoint\": {\r\n            \"scope\": {\r\n                \"type\": \"BearerToken\",\r\n                \"token\": \"access-token-from-skill\"\r\n            },\r\n            \"endpointId\": \"black_switch\",\r\n            \"cookie\": {}\r\n        },\r\n        \"payload\": {}\r\n    }\r\n}"
						},
						"url": {
							"raw": "https://{{endpoint_api_id}}.execute-api.{{aws_region}}.amazonaws.com/prod/directives",
							"protocol": "https",
							"host": [
								"{{endpoint_api_id}}",
								"execute-api",
								"{{aws_region}}",
								"amazonaws",
								"com"
							],
							"path": [
								"prod",
								"directives"
							]
						},
						"description": null
					},
					"response": []
				},
				{
					"name": "/directives (TurnOn)",
					"request": {
						"method": "POST",
						"header": [
							{
								"key": "Content-Type",
								"value": "application/json"
							}
						],
						"body": {
							"mode": "raw",
							"raw": "{\r\n    \"directive\": {\r\n        \"header\": {\r\n            \"namespace\": \"Alexa.PowerController\",\r\n            \"name\": \"TurnOn\",\r\n            \"payloadVersion\": \"3\",\r\n            \"messageId\": \"1bd5d003-31b9-476f-ad03-71d471922820\",\r\n            \"correlationToken\": \"dFMb0z+PgpgdDmluhJ1LddFvSqZ/jCc8ptlAKulUj90jSqg==\"\r\n        },\r\n        \"endpoint\": {\r\n            \"scope\": {\r\n                \"type\": \"BearerToken\",\r\n                \"token\": \"access-token-from-skill\"\r\n            },\r\n            \"endpointId\": \"black_switch\",\r\n            \"cookie\": {}\r\n        },\r\n        \"payload\": {}\r\n    }\r\n}"
						},
						"url": {
							"raw": "https://{{endpoint_api_id}}.execute-api.{{aws_region}}.amazonaws.com/prod/directives",
							"protocol": "https",
							"host": [
								"{{endpoint_api_id}}",
								"execute-api",
								"{{aws_region}}",
								"amazonaws",
								"com"
							],
							"path": [
								"prod",
								"directives"
							]
						},
						"description": null
					},
					"response": []
				}
			]
		}
	]
}